{
  "feature1_stats": {
    "rank_1": {
      "feature_id": 44072,
      "t_statistic": 5.011539325187982,
      "p_value": 1.2806341005133647e-05,
      "high_mean": 0.04421891272068024,
      "high_std": 0.005423261318355799,
      "high_min": 0.03632563725113869,
      "high_max": 0.054494455456733704,
      "low_mean": 0.05276390165090561,
      "low_std": 0.005081906449049711,
      "low_min": 0.04444184899330139,
      "low_max": 0.06507463753223419
    },
    "rank_2": {
      "feature_id": 7987,
      "t_statistic": 4.85801931546942,
      "p_value": 2.0666583087487434e-05,
      "high_mean": 1.9118173122406006,
      "high_std": 0.21571701765060425,
      "high_min": 1.5581729412078857,
      "high_max": 2.276426315307617,
      "low_mean": 2.2681519985198975,
      "low_std": 0.2359868735074997,
      "low_min": 1.6770546436309814,
      "low_max": 2.6980884075164795
    },
    "rank_3": {
      "feature_id": 39585,
      "t_statistic": 4.430975335191798,
      "p_value": 7.710251519574511e-05,
      "high_mean": 1.7680892944335938,
      "high_std": 0.18395811319351196,
      "high_min": 1.3436166048049927,
      "high_max": 2.0730679035186768,
      "low_mean": 2.0362792015075684,
      "low_std": 0.1891145408153534,
      "low_min": 1.6305018663406372,
      "low_max": 2.2941064834594727
    }
  },
  "feature2_stats": {
    "rank_1": {
      "feature_id": 2647,
      "t_statistic": 10.76441962684339,
      "p_value": 4.237446397725732e-13,
      "high_mean": 0.061502616852521896,
      "high_std": 0.002967264736071229,
      "high_min": 0.05627461150288582,
      "high_max": 0.06864775717258453,
      "low_mean": 0.048302553594112396,
      "low_std": 0.00444592721760273,
      "low_min": 0.039649270474910736,
      "low_max": 0.056642234325408936
    },
    "rank_2": {
      "feature_id": 35873,
      "t_statistic": 7.957217611956656,
      "p_value": 1.296794317067759e-09,
      "high_mean": 0.06645747274160385,
      "high_std": 0.004559875000268221,
      "high_min": 0.05662519484758377,
      "high_max": 0.07616846263408661,
      "low_mean": 0.05468428134918213,
      "low_std": 0.004560753237456083,
      "low_min": 0.04591783881187439,
      "low_max": 0.06477271020412445
    },
    "rank_3": {
      "feature_id": 7721,
      "t_statistic": 7.751668271056603,
      "p_value": 2.4217788517603697e-09,
      "high_mean": 0.10720670223236084,
      "high_std": 0.00596167566254735,
      "high_min": 0.09175775945186615,
      "high_max": 0.1167944073677063,
      "low_mean": 0.08797328174114227,
      "low_std": 0.009023796766996384,
      "low_min": 0.07114079594612122,
      "low_max": 0.10276642441749573
    }
  },
  "interaction_stats": {
    "39585": {
      "F1_high_F2_high": {
        "mean": 1.7880032062530518,
        "std": 0.2016063779592514,
        "min": 1.3436166048049927,
        "max": 2.0730679035186768
      },
      "F1_high_F2_low": {
        "mean": 1.7481749057769775,
        "std": 0.16199657320976257,
        "min": 1.5008002519607544,
        "max": 2.0432989597320557
      },
      "F1_low_F2_high": {
        "mean": 2.118779420852661,
        "std": 0.1280221790075302,
        "min": 1.8136632442474365,
        "max": 2.2472984790802
      },
      "F1_low_F2_low": {
        "mean": 1.9537794589996338,
        "std": 0.203780397772789,
        "min": 1.6305018663406372,
        "max": 2.2941064834594727
      }
    },
    "35873": {
      "F1_high_F2_high": {
        "mean": 0.0670970231294632,
        "std": 0.005304248072206974,
        "min": 0.05662519484758377,
        "max": 0.07616846263408661
      },
      "F1_high_F2_low": {
        "mean": 0.05579407885670662,
        "std": 0.003744034096598625,
        "min": 0.04972432181239128,
        "max": 0.06477271020412445
      },
      "F1_low_F2_high": {
        "mean": 0.0658179223537445,
        "std": 0.0035541262477636337,
        "min": 0.06108664348721504,
        "max": 0.07295455783605576
      },
      "F1_low_F2_low": {
        "mean": 0.05357448384165764,
        "std": 0.005011970177292824,
        "min": 0.04591783881187439,
        "max": 0.05883604288101196
      }
    },
    "44072": {
      "F1_high_F2_high": {
        "mean": 0.04342091828584671,
        "std": 0.004858006723225117,
        "min": 0.03632563725113869,
        "max": 0.054116226732730865
      },
      "F1_high_F2_low": {
        "mean": 0.04501689597964287,
        "std": 0.005826639011502266,
        "min": 0.03679545596241951,
        "max": 0.054494455456733704
      },
      "F1_low_F2_high": {
        "mean": 0.0537005253136158,
        "std": 0.005132864695042372,
        "min": 0.045491330325603485,
        "max": 0.06507463753223419
      },
      "F1_low_F2_low": {
        "mean": 0.05182728171348572,
        "std": 0.0048529100604355335,
        "min": 0.04444184899330139,
        "max": 0.05976508557796478
      }
    },
    "7721": {
      "F1_high_F2_high": {
        "mean": 0.1091671735048294,
        "std": 0.007223616354167461,
        "min": 0.09175775945186615,
        "max": 0.1167944073677063
      },
      "F1_high_F2_low": {
        "mean": 0.08760343492031097,
        "std": 0.010239624418318272,
        "min": 0.07114079594612122,
        "max": 0.0997670367360115
      },
      "F1_low_F2_high": {
        "mean": 0.10524622350931168,
        "std": 0.003348965896293521,
        "min": 0.0992148295044899,
        "max": 0.11000461876392365
      },
      "F1_low_F2_low": {
        "mean": 0.08834312856197357,
        "std": 0.007598309777677059,
        "min": 0.07851455360651016,
        "max": 0.10276642441749573
      }
    },
    "7987": {
      "F1_high_F2_high": {
        "mean": 1.874934434890747,
        "std": 0.24704647064208984,
        "min": 1.5581729412078857,
        "max": 2.276426315307617
      },
      "F1_high_F2_low": {
        "mean": 1.9487005472183228,
        "std": 0.1712161749601364,
        "min": 1.5633753538131714,
        "max": 2.1369481086730957
      },
      "F1_low_F2_high": {
        "mean": 2.3617401123046875,
        "std": 0.2026963084936142,
        "min": 2.091399669647217,
        "max": 2.6980884075164795
      },
      "F1_low_F2_low": {
        "mean": 2.1745643615722656,
        "std": 0.2297312319278717,
        "min": 1.6770546436309814,
        "max": 2.4936177730560303
      }
    },
    "2647": {
      "F1_high_F2_high": {
        "mean": 0.06336653977632523,
        "std": 0.002796609653159976,
        "min": 0.06059855967760086,
        "max": 0.06864775717258453
      },
      "F1_high_F2_low": {
        "mean": 0.04740153253078461,
        "std": 0.004737282171845436,
        "min": 0.039649270474910736,
        "max": 0.05321512743830681
      },
      "F1_low_F2_high": {
        "mean": 0.05963868647813797,
        "std": 0.0016851740656420588,
        "min": 0.05627461150288582,
        "max": 0.06195808947086334
      },
      "F1_low_F2_low": {
        "mean": 0.049203574657440186,
        "std": 0.00393281364813447,
        "min": 0.04361945018172264,
        "max": 0.056642234325408936
      }
    }
  }
}