{
  "feature1_stats": {
    "rank_1": {
      "feature_id": 26884,
      "t_statistic": 12.141185174928557,
      "p_value": 1.1958262068044446e-14,
      "high_mean": 0.1413513869047165,
      "high_std": 0.009481747634708881,
      "high_min": 0.11372502148151398,
      "high_max": 0.1560593694448471,
      "low_mean": 0.09548763930797577,
      "low_std": 0.01346187386661768,
      "low_min": 0.0720231682062149,
      "low_max": 0.12171480804681778
    },
    "rank_2": {
      "feature_id": 15118,
      "t_statistic": 11.232107226712634,
      "p_value": 1.2272898695488416e-13,
      "high_mean": 0.13505351543426514,
      "high_std": 0.010545914992690086,
      "high_min": 0.11465257406234741,
      "high_max": 0.15472806990146637,
      "low_mean": 0.088912732899189,
      "low_std": 0.014471053145825863,
      "low_min": 0.06858240813016891,
      "low_max": 0.11889038234949112
    },
    "rank_3": {
      "feature_id": 13078,
      "t_statistic": 11.138375806072101,
      "p_value": 1.5697052414178662e-13,
      "high_mean": 0.06777848303318024,
      "high_std": 0.004913703538477421,
      "high_min": 0.05550544336438179,
      "high_max": 0.07652909308671951,
      "low_mean": 0.04445015639066696,
      "low_std": 0.0076941559091210365,
      "low_min": 0.03354628011584282,
      "low_max": 0.06025727093219757
    }
  },
  "feature2_stats": {
    "rank_1": {
      "feature_id": 24108,
      "t_statistic": 6.147036407898757,
      "p_value": 3.578303485390924e-07,
      "high_mean": 0.06969144195318222,
      "high_std": 0.006748576648533344,
      "high_min": 0.05356152728199959,
      "high_max": 0.0794694647192955,
      "low_mean": 0.05519964545965195,
      "low_std": 0.007749666925519705,
      "low_min": 0.04212873429059982,
      "low_max": 0.07222546637058258
    },
    "rank_2": {
      "feature_id": 37804,
      "t_statistic": 6.09420112907071,
      "p_value": 4.227824661813191e-07,
      "high_mean": 0.058950524777173996,
      "high_std": 0.007910668849945068,
      "high_min": 0.04404823109507561,
      "high_max": 0.0741720050573349,
      "low_mean": 0.04287625104188919,
      "low_std": 0.008343051187694073,
      "low_min": 0.024548068642616272,
      "low_max": 0.06128282472491264
    },
    "rank_3": {
      "feature_id": 15929,
      "t_statistic": 5.353871636771695,
      "p_value": 4.3754328576528275e-06,
      "high_mean": 2.983309507369995,
      "high_std": 0.21787220239639282,
      "high_min": 2.426013469696045,
      "high_max": 3.360640048980713,
      "low_mean": 2.5227580070495605,
      "low_std": 0.30516892671585083,
      "low_min": 1.9384547472000122,
      "low_max": 3.0494534969329834
    }
  },
  "interaction_stats": {
    "26884": {
      "F1_high_F2_high": {
        "mean": 0.14593271911144257,
        "std": 0.006220340728759766,
        "min": 0.13587790727615356,
        "max": 0.15552690625190735
      },
      "F1_high_F2_low": {
        "mean": 0.1367700695991516,
        "std": 0.009956774301826954,
        "min": 0.11372502148151398,
        "max": 0.1560593694448471
      },
      "F1_low_F2_high": {
        "mean": 0.1019286960363388,
        "std": 0.011047691106796265,
        "min": 0.08204787969589233,
        "max": 0.12171480804681778
      },
      "F1_low_F2_low": {
        "mean": 0.08904659003019333,
        "std": 0.012546641752123833,
        "min": 0.0720231682062149,
        "max": 0.10730980336666107
      }
    },
    "37804": {
      "F1_high_F2_high": {
        "mean": 0.06303910166025162,
        "std": 0.006507048383355141,
        "min": 0.05270099639892578,
        "max": 0.0741720050573349
      },
      "F1_high_F2_low": {
        "mean": 0.04504472762346268,
        "std": 0.009237592108547688,
        "min": 0.024548068642616272,
        "max": 0.06128282472491264
      },
      "F1_low_F2_high": {
        "mean": 0.05486195534467697,
        "std": 0.007027298677712679,
        "min": 0.04404823109507561,
        "max": 0.06541778892278671
      },
      "F1_low_F2_low": {
        "mean": 0.040707770735025406,
        "std": 0.0066689783707261086,
        "min": 0.026510339230298996,
        "max": 0.049390971660614014
      }
    },
    "24108": {
      "F1_high_F2_high": {
        "mean": 0.07361231744289398,
        "std": 0.005245499312877655,
        "min": 0.06488215923309326,
        "max": 0.0794694647192955
      },
      "F1_high_F2_low": {
        "mean": 0.057074569165706635,
        "std": 0.009509507566690445,
        "min": 0.04212873429059982,
        "max": 0.07222546637058258
      },
      "F1_low_F2_high": {
        "mean": 0.06577055901288986,
        "std": 0.0057292808778584,
        "min": 0.05356152728199959,
        "max": 0.07385765761137009
      },
      "F1_low_F2_low": {
        "mean": 0.05332472175359726,
        "std": 0.004759542644023895,
        "min": 0.045694075524806976,
        "max": 0.061990752816200256
      }
    },
    "15118": {
      "F1_high_F2_high": {
        "mean": 0.13874073326587677,
        "std": 0.008850302547216415,
        "min": 0.12206950783729553,
        "max": 0.1533125638961792
      },
      "F1_high_F2_low": {
        "mean": 0.1313662976026535,
        "std": 0.010812662541866302,
        "min": 0.11465257406234741,
        "max": 0.15472806990146637
      },
      "F1_low_F2_high": {
        "mean": 0.09372246265411377,
        "std": 0.012947442010045052,
        "min": 0.07399275153875351,
        "max": 0.11889038234949112
      },
      "F1_low_F2_low": {
        "mean": 0.08410301059484482,
        "std": 0.01431501004844904,
        "min": 0.06858240813016891,
        "max": 0.10783259570598602
      }
    },
    "13078": {
      "F1_high_F2_high": {
        "mean": 0.0699518471956253,
        "std": 0.0038258738350123167,
        "min": 0.06446890532970428,
        "max": 0.07652909308671951
      },
      "F1_high_F2_low": {
        "mean": 0.06560511887073517,
        "std": 0.00491982651874423,
        "min": 0.05550544336438179,
        "max": 0.07598808407783508
      },
      "F1_low_F2_high": {
        "mean": 0.04797378182411194,
        "std": 0.006642489228397608,
        "min": 0.037814900279045105,
        "max": 0.06025727093219757
      },
      "F1_low_F2_low": {
        "mean": 0.04092653468251228,
        "std": 0.00703175226226449,
        "min": 0.03354628011584282,
        "max": 0.05300747975707054
      }
    },
    "15929": {
      "F1_high_F2_high": {
        "mean": 2.9531807899475098,
        "std": 0.23852568864822388,
        "min": 2.426013469696045,
        "max": 3.3021552562713623
      },
      "F1_high_F2_low": {
        "mean": 2.5968868732452393,
        "std": 0.24712982773780823,
        "min": 2.2948250770568848,
        "max": 3.0494534969329834
      },
      "F1_low_F2_high": {
        "mean": 3.0134379863739014,
        "std": 0.19033291935920715,
        "min": 2.730250597000122,
        "max": 3.360640048980713
      },
      "F1_low_F2_low": {
        "mean": 2.4486289024353027,
        "std": 0.3379242420196533,
        "min": 1.9384547472000122,
        "max": 3.0198276042938232
      }
    }
  }
}