{
  "feature1_stats": {
    "rank_1": {
      "feature_id": 44072,
      "t_statistic": 5.011539325187982,
      "p_value": 1.2806341005133647e-05,
      "high_mean": 0.04421891272068024,
      "high_std": 0.005423261318355799,
      "high_min": 0.03632563725113869,
      "high_max": 0.054494455456733704,
      "low_mean": 0.05276390165090561,
      "low_std": 0.005081906449049711,
      "low_min": 0.04444184899330139,
      "low_max": 0.06507463753223419
    }
  },
  "feature2_stats": {
    "rank_1": {
      "feature_id": 2647,
      "t_statistic": 10.76441962684339,
      "p_value": 4.237446397725732e-13,
      "high_mean": 0.061502616852521896,
      "high_std": 0.002967264736071229,
      "high_min": 0.05627461150288582,
      "high_max": 0.06864775717258453,
      "low_mean": 0.048302553594112396,
      "low_std": 0.00444592721760273,
      "low_min": 0.039649270474910736,
      "low_max": 0.056642234325408936
    }
  },
  "interaction_stats": {
    "44072": {
      "F1_high_F2_high": {
        "mean": 0.04342091828584671,
        "std": 0.004858006723225117,
        "min": 0.03632563725113869,
        "max": 0.054116226732730865
      },
      "F1_high_F2_low": {
        "mean": 0.04501689597964287,
        "std": 0.005826639011502266,
        "min": 0.03679545596241951,
        "max": 0.054494455456733704
      },
      "F1_low_F2_high": {
        "mean": 0.0537005253136158,
        "std": 0.005132864695042372,
        "min": 0.045491330325603485,
        "max": 0.06507463753223419
      },
      "F1_low_F2_low": {
        "mean": 0.05182728171348572,
        "std": 0.0048529100604355335,
        "min": 0.04444184899330139,
        "max": 0.05976508557796478
      }
    },
    "2647": {
      "F1_high_F2_high": {
        "mean": 0.06336653977632523,
        "std": 0.002796609653159976,
        "min": 0.06059855967760086,
        "max": 0.06864775717258453
      },
      "F1_high_F2_low": {
        "mean": 0.04740153253078461,
        "std": 0.004737282171845436,
        "min": 0.039649270474910736,
        "max": 0.05321512743830681
      },
      "F1_low_F2_high": {
        "mean": 0.05963868647813797,
        "std": 0.0016851740656420588,
        "min": 0.05627461150288582,
        "max": 0.06195808947086334
      },
      "F1_low_F2_low": {
        "mean": 0.049203574657440186,
        "std": 0.00393281364813447,
        "min": 0.04361945018172264,
        "max": 0.056642234325408936
      }
    }
  }
}