{
  "feature1_stats": {
    "rank_1": {
      "feature_id": 20850,
      "t_statistic": 20.27161372468344,
      "p_value": 3.423842612160891e-50,
      "high_mean": 0.08807574957609177,
      "high_std": 0.00896501075476408,
      "high_min": 0.06536104530096054,
      "high_max": 0.11659184098243713,
      "low_mean": 0.06525815278291702,
      "low_std": 0.006712503265589476,
      "low_min": 0.03629501536488533,
      "low_max": 0.07973847538232803
    }
  },
  "feature2_stats": {
    "rank_1": {
      "feature_id": 32616,
      "t_statistic": 12.521573714912275,
      "p_value": 7.085923690173966e-27,
      "high_mean": 0.09307296574115753,
      "high_std": 0.00842143502086401,
      "high_min": 0.07026507705450058,
      "high_max": 0.11424867063760757,
      "low_mean": 0.11080152541399002,
      "low_std": 0.011293159797787666,
      "low_min": 0.07802595943212509,
      "low_max": 0.1329319179058075
    }
  },
  "interaction_stats": {
    "32616": {
      "F1_high_F2_high": {
        "mean": 0.09170318394899368,
        "std": 0.009723036549985409,
        "min": 0.07026507705450058,
        "max": 0.11424867063760757
      },
      "F1_high_F2_low": {
        "mean": 0.10652881860733032,
        "std": 0.010674048215150833,
        "min": 0.07802595943212509,
        "max": 0.12506532669067383
      },
      "F1_low_F2_high": {
        "mean": 0.09444274753332138,
        "std": 0.006599324755370617,
        "min": 0.07986722886562347,
        "max": 0.10729508101940155
      },
      "F1_low_F2_low": {
        "mean": 0.11507422477006912,
        "std": 0.010228567756712437,
        "min": 0.090878427028656,
        "max": 0.1329319179058075
      }
    },
    "20850": {
      "F1_high_F2_high": {
        "mean": 0.08863046020269394,
        "std": 0.007273863069713116,
        "min": 0.07059256732463837,
        "max": 0.10432048887014389
      },
      "F1_high_F2_low": {
        "mean": 0.08752106875181198,
        "std": 0.010354631580412388,
        "min": 0.06536104530096054,
        "max": 0.11659184098243713
      },
      "F1_low_F2_high": {
        "mean": 0.06810703128576279,
        "std": 0.004985793959349394,
        "min": 0.05512399226427078,
        "max": 0.07973847538232803
      },
      "F1_low_F2_low": {
        "mean": 0.06240927055478096,
        "std": 0.007001786958426237,
        "min": 0.03629501536488533,
        "max": 0.07739096879959106
      }
    }
  }
}